{
  "status": "active",
  "connected_clients": 4,
  "port": 8766,
  "uptime_seconds": 1588.000737,
  "last_activity": "2025-06-28T02:35:27.779095",
  "messages_broadcasted": 3226
}