{
  "status": "active",
  "connected_clients": 4,
  "port": 8766,
  "uptime_seconds": 1171.728915,
  "last_activity": "2025-06-28T05:13:35.098786",
  "messages_broadcasted": 26310
}