{
  "status": "active",
  "connected_clients": 1,
  "port": 8766,
  "uptime_seconds": 65600.338977,
  "last_activity": "2025-06-29T22:34:54.619880",
  "messages_broadcasted": 964105592345615189
}