{
  "status": "active",
  "connected_clients": 1,
  "port": 8766,
  "uptime_seconds": 1319.780162,
  "last_activity": "2025-06-29T04:43:34.061064",
  "messages_broadcasted": 964105592345614810
}