{
  "status": "active",
  "connected_clients": 1,
  "port": 8766,
  "uptime_seconds": 110469.836228,
  "last_activity": "2025-06-30T11:02:44.117129",
  "messages_broadcasted": 964105592345615487
}